id,item,status,done_at,notes
1,改造AvatarDemo语言联动,TODO,,
2,改造BadgeDemo语言联动,TODO,,
3,改造BorderBoxDemo语言联动,TODO,,
4,改造ButtonDemo语言联动,TODO,,
5,改造CardDemo语言联动,TODO,,
6,改造CarouselDemo语言联动,TODO,,
7,改造CheckboxDemo语言联动,TODO,,
8,改造CollapseDemo语言联动,TODO,,
9,改造DialogDemo语言联动,TODO,,
10,改造FormDemo语言联动,TODO,,
11,改造ImageDemo语言联动,TODO,,
12,改造LoadingDemo语言联动,TODO,,
13,改造ProgressDemo语言联动,TODO,,
14,改造RadioDemo语言联动,TODO,,
15,改造RateDemo语言联动,TODO,,
16,改造RowLayoutDemo语言联动,TODO,,
17,改造ScreenDemo语言联动,TODO,,
18,改造SliderDemo语言联动,TODO,,
19,改造StatisticDemo语言联动,TODO,,
20,改造SwitchDemo语言联动,TODO,,
21,改造TagDemo语言联动,TODO,,
22,改造TextFieldDemo语言联动,TODO,,
23,改造TimelineDemo语言联动,TODO,,
24,改造ToolbarDemo语言联动,TODO,,
